run,global_step,samples_seen,train_loss_recent,test_acc,test_tpr,test_tnr,ood_diffdb,ood_coco_edit,coco_nat_tnr,balanced,elapsed_s
s44_constant,100,12800,0.5845,0.7278,0.5391,0.9164,0.3524,0.373,0.881,0.254,108
s44_constant,200,25600,0.3605,0.617,0.2409,0.9931,0.0972,0.0484,0.994,0.0423,204
s44_constant,300,38400,0.218,0.858,0.7236,0.9925,0.3792,0.0988,0.9899,0.0887,300
s44_constant,400,51200,0.1229,0.9644,0.9791,0.9497,0.718,0.496,0.9556,0.4516,396
s44_constant,500,64000,0.0877,0.9702,0.9912,0.9492,0.9217,0.502,0.9476,0.4496,493
s44_constant,600,76800,0.0626,0.937,0.9965,0.8776,0.9806,0.8226,0.8548,0.6774,589
s44_constant,700,89600,0.0525,0.886,0.7738,0.9982,0.1654,0.0464,0.998,0.0444,685
s44_constant,800,102400,0.0417,0.9851,0.9802,0.99,0.7421,0.2923,0.9879,0.2802,781
s44_constant,900,115200,0.0374,0.9901,0.9909,0.9892,0.7931,0.3347,0.9899,0.3246,877
s44_constant,1000,128000,0.029,0.9916,0.9891,0.9942,0.8288,0.2157,0.996,0.2117,973
s44_constant,1100,140800,0.0283,0.9603,0.9993,0.9213,0.9858,0.7419,0.9214,0.6633,1068
s44_constant,1200,153600,0.0252,0.9919,0.9964,0.9875,0.8803,0.4214,0.9899,0.4113,1164
s44_constant,1300,166400,0.0239,0.9925,0.9876,0.9975,0.8246,0.1613,0.998,0.1593,1260
s44_constant,1400,179200,0.0173,0.8855,1.0,0.7711,0.9984,0.8367,0.7681,0.6048,1357
s44_constant,1500,192000,0.018,0.9866,0.9989,0.9743,0.9238,0.4899,0.9839,0.4738,1453
s44_constant,1600,204800,0.0204,0.9964,0.9968,0.996,0.7967,0.2702,0.996,0.2661,1549
s44_constant,1700,217600,0.0159,0.9955,0.9977,0.9934,0.8703,0.2883,0.994,0.2823,1645
s44_constant,1800,230400,0.0135,0.9941,0.9989,0.9893,0.9569,0.4194,0.9899,0.4093,1741
s48_constant,100,12800,0.5581,0.6828,0.9774,0.3882,0.9296,0.9335,0.2016,0.1351,101
s48_constant,200,25600,0.3528,0.8556,0.7882,0.9231,0.5215,0.254,0.9335,0.1875,196
s48_constant,300,38400,0.2113,0.8592,0.9826,0.7357,0.9412,0.746,0.7137,0.4597,292
s48_constant,400,51200,0.1216,0.8314,0.6679,0.9948,0.2694,0.0827,0.994,0.0766,387
s48_constant,500,64000,0.0817,0.8371,0.676,0.9983,0.1943,0.0524,0.998,0.0504,482
s48_constant,600,76800,0.072,0.9374,0.8772,0.9976,0.5741,0.0907,0.998,0.0887,578
s48_constant,700,89600,0.061,0.9825,0.9882,0.9768,0.8598,0.3649,0.9738,0.3387,673
s48_constant,800,102400,0.0426,0.9563,0.9969,0.9158,0.9832,0.7621,0.871,0.6331,768
s48_constant,900,115200,0.0358,0.9792,0.9972,0.9611,0.9632,0.5847,0.9577,0.5423,864
s48_constant,1000,128000,0.0313,0.9563,0.9992,0.9135,0.9932,0.7218,0.9375,0.6593,960
s48_constant,1100,140800,0.0294,0.8897,0.9993,0.7802,0.9942,0.879,0.754,0.6331,1057
s48_constant,1200,153600,0.0286,0.9931,0.9955,0.9907,0.8608,0.3528,0.9899,0.3427,1153
s48_constant,1300,166400,0.0215,0.9624,0.9261,0.9987,0.4013,0.0645,1.0,0.0645,1248
s48_constant,1400,179200,0.0191,0.9921,0.9976,0.9866,0.9039,0.3327,0.9819,0.3145,1344
s48_constant,1500,192000,0.0237,0.9944,0.9947,0.994,0.9501,0.3629,0.994,0.3569,1439
s48_constant,1600,204800,0.0149,0.9295,0.8593,0.9996,0.3225,0.0383,1.0,0.0383,1534
s48_constant,1700,217600,0.0189,0.9939,0.9961,0.9917,0.9407,0.3206,0.994,0.3145,1629
s48_constant,1800,230400,0.0118,0.9899,0.9992,0.9807,0.9527,0.4355,0.9819,0.4173,1726
s53_constant,100,12800,0.5682,0.6212,0.2732,0.9692,0.2138,0.1411,0.9637,0.1048,100
s53_constant,200,25600,0.3691,0.6716,0.3567,0.9865,0.1544,0.121,0.9899,0.1109,195
s53_constant,300,38400,0.2212,0.8934,0.8309,0.9558,0.5572,0.4294,0.9335,0.3629,291
s53_constant,400,51200,0.1328,0.8316,0.6679,0.9953,0.1528,0.0504,0.998,0.0484,386
s53_constant,500,64000,0.0877,0.8846,0.9982,0.7709,0.9853,0.869,0.754,0.623,482
s53_constant,600,76800,0.0715,0.9753,0.9578,0.9927,0.8346,0.2843,0.9919,0.2762,577
s53_constant,700,89600,0.0533,0.9469,0.8961,0.9977,0.5651,0.1371,0.998,0.1351,672
s53_constant,800,102400,0.0467,0.9349,0.873,0.9968,0.3393,0.119,0.996,0.1149,767
s53_constant,900,115200,0.0404,0.7835,0.9993,0.5676,0.9989,0.9556,0.4738,0.4294,863
s53_constant,1000,128000,0.0321,0.9882,0.9825,0.9939,0.8062,0.3206,0.9899,0.3105,958
s53_constant,1100,140800,0.0302,0.9683,0.9376,0.9989,0.4869,0.0847,0.998,0.0827,1053
s53_constant,1200,153600,0.0252,0.9819,0.9659,0.998,0.6807,0.1411,1.0,0.1411,1148
s53_constant,1300,166400,0.0267,0.9928,0.9975,0.988,0.8902,0.4194,0.9879,0.4073,1243
s53_constant,1400,179200,0.0161,0.981,0.9632,0.9988,0.5131,0.0907,1.0,0.0907,1338
s53_constant,1500,192000,0.0178,0.9921,0.995,0.9892,0.9186,0.3347,0.9919,0.3266,1433
s53_constant,1600,204800,0.0188,0.9952,0.9935,0.9968,0.6765,0.2097,0.998,0.2077,1528
s53_constant,1700,217600,0.0152,0.9955,0.9934,0.9977,0.6623,0.1875,0.998,0.1855,1623
s53_constant,1800,230400,0.0166,0.9937,0.9983,0.9891,0.8776,0.3306,0.9899,0.3206,1718
s55_constant,100,12800,0.5491,0.6153,0.2526,0.9781,0.1696,0.0847,0.9798,0.0645,101
s55_constant,200,25600,0.3494,0.6227,0.9974,0.2481,0.9937,0.9859,0.1048,0.0907,198
s55_constant,300,38400,0.1995,0.9078,0.9839,0.8316,0.8918,0.7218,0.7702,0.4919,294
s55_constant,400,51200,0.1192,0.9637,0.9856,0.9417,0.8803,0.4476,0.9415,0.3891,390
s55_constant,500,64000,0.0836,0.9535,0.9921,0.915,0.9328,0.7359,0.879,0.6149,485
s55_constant,600,76800,0.0657,0.9778,0.9674,0.9882,0.8577,0.256,0.9899,0.246,581
s55_constant,700,89600,0.0545,0.9587,0.9966,0.9208,0.959,0.6653,0.9415,0.6069,676
s55_constant,800,102400,0.0393,0.9793,0.9938,0.9647,0.9585,0.6089,0.9536,0.5625,771
s55_constant,900,115200,0.039,0.9858,0.9852,0.9864,0.8088,0.248,0.9899,0.2379,866
s55_constant,1000,128000,0.0343,0.9883,0.9931,0.9836,0.8445,0.3972,0.9778,0.375,961
s55_constant,1100,140800,0.0311,0.9707,0.9433,0.998,0.4638,0.1089,0.998,0.1069,1056
s55_constant,1200,153600,0.0236,0.9876,0.998,0.9772,0.9737,0.5444,0.9819,0.5262,1151
s55_constant,1300,166400,0.0243,0.9936,0.9955,0.9917,0.8971,0.2661,0.994,0.2601,1246
s55_constant,1400,179200,0.0197,0.9923,0.9975,0.9872,0.9611,0.4294,0.9859,0.4153,1341
s55_constant,1500,192000,0.0217,0.9544,0.9096,0.9992,0.4228,0.0746,1.0,0.0746,1435
s55_constant,1600,204800,0.0196,0.9944,0.9913,0.9975,0.854,0.2238,0.998,0.2218,1530
s55_constant,1700,217600,0.0145,0.9904,0.998,0.9827,0.979,0.5544,0.9798,0.5343,1627
s55_constant,1800,230400,0.0154,0.9953,0.9958,0.9949,0.8676,0.252,0.996,0.248,1722
